{"cameraMode":{"drawMode":0,"name":"Shaded","section":"Shading Mode"},"sceneLighting":true,"audioPlay":false,"sceneViewState":{"showFog":true,"showMaterialUpdate":true,"showSkybox":true,"showFlares":true,"showImageEffects":true,"showParticleSystems":true},"in2DMode":false,"pivot":{"x":1.5643138885498047,"y":-3.044377326965332,"z":18.114498138427736},"rotation":{"x":-0.1614525020122528,"y":-0.4128211736679077,"z":0.07461190223693848,"w":-0.8932811617851257},"size":213.41026306152345,"orthographic":false}