{"cameraMode":{"drawMode":0,"name":"Shaded","section":"Shading Mode"},"sceneLighting":false,"audioPlay":false,"sceneViewState":{"showFog":true,"showMaterialUpdate":true,"showSkybox":true,"showFlares":true,"showImageEffects":true,"showParticleSystems":true},"in2DMode":false,"pivot":{"x":-4.206966876983643,"y":-1.6235840320587159,"z":11.19784927368164},"rotation":{"x":0.22822199761867524,"y":0.4143165647983551,"z":-0.10813900083303452,"w":0.8743939399719238},"size":-1.642115831375122,"orthographic":false}