{"cameraMode":{"drawMode":0,"name":"Shaded","section":"Shading Mode"},"sceneLighting":true,"audioPlay":false,"sceneViewState":{"showFog":true,"showMaterialUpdate":true,"showSkybox":true,"showFlares":true,"showImageEffects":true,"showParticleSystems":true},"in2DMode":false,"pivot":{"x":-10.025304794311524,"y":-1.8119001388549805,"z":9.790909767150879},"rotation":{"x":-0.27735063433647158,"y":-0.5518741607666016,"z":0.20132999122142793,"w":-0.7602526545524597},"size":93.99654388427735,"orthographic":false}